support_ticket_id,support_ticket_desc,generated_summary,generated_response
1,"I cannot believe the level of service I have received. I have been a loyal ShopNest customer since 2020 and have spent thousands of dollars on this platform. I have recommended ShopNest to everyone I know - my coworkers, my neighbors, my entire book club. I have never once filed a complaint or asked for anything special. I always leave five star reviews and I tip delivery drivers generously. And THIS is how you treat your most loyal customers? I am beyond frustrated. I spent over three hours today trying to reach your support team and not a single person gave me a straight answer. Your chatbot is completely useless, your email support is nonexistent, and your phone line had a 40 minute hold time. I have screenshots of every single interaction. I will be filing a complaint with the Better Business Bureau if this is not resolved by end of day. Anyway. Order SNX-4421 for a Bosch dishwasher. Delivered wrong model. Want replacement.",Order SNX-4421 for a Bosch dishwasher was delivered as the wrong model; the customer requests a replacement and expresses frustration with support response times.,"Dear [Customer's Name],

Thank you for reaching out and bringing this to our attention. I sincerely apologize for the inconvenience caused by receiving the incorrect Bosch dishwasher model and for any frustration due to our response times.

To resolve this, I have initiated the process for a replacement with the correct model. We will arrange for the incorrect item to be picked up at your convenience. Please let us know a suitable time for the pickup, and we will ensure the correct model is delivered promptly.

Your satisfaction is important to us, and we appreciate your patience and understanding in this matter. If you have any further questions or need additional assistance, please do not hesitate to contact me directly.

Warm regards,

[Your Name]  
[Your Position]  
[Contact Information]"
2,"Ord SNX-8902 ACH debit failed at checkout, tried 2x. CC also declined. PayPal unavail for this item. Need NDD before the 15th. Card limit confirmed ok but txn still failing. Pls check PG logs and escalate. Alt PMT: can store credit from prev RMA be applied to this order? ASAP.","Order SNX-8902 failed at checkout due to ACH debit and credit card declines, with PayPal unavailable; customer requests next-day delivery before the 15th and asks if store credit from a previous RMA can be applied. Please check payment","Dear [Customer's Name],

Thank you for reaching out regarding your order SNX-8902. I’m sorry to hear about the issues you encountered during checkout.

To address the payment difficulties, I recommend verifying your payment details and trying again. Unfortunately, PayPal is currently unavailable, but you can attempt using a different credit card or ensure your ACH details are correct.

Regarding your store credit from a previous RMA, we can certainly apply it to your order. Please provide the RMA details or the store credit code, and I will assist you in applying it.

For next-day delivery before the 15th, once the payment issue is resolved, please confirm your order promptly to ensure we can meet the delivery timeline.

If you need further assistance or have any questions, feel free to reach out.

Best regards,

[Your Name]  
[Your Position]  
[Company Name]  
[Contact Information]"
3,not working. please help.,The customer reports an unspecified issue and requests assistance.,"Dear [Customer's Name],

Thank you for reaching out to us. We understand that you're experiencing an issue and are here to help. Could you please provide us with more details about the problem you're facing? This will allow us to assist you more effectively and find a suitable resolution.

Looking forward to your response.

Best regards,

[Your Name]  
[Your Position]  
[Company Name]  
[Contact Information]"
4,"Okay so I have genuinely had it with this company. Every single time I place an order something goes wrong. Last month it was a delayed delivery. The month before that it was a damaged product. Before that it was a wrong item sent. I have contacted support so many times I have lost count. Every single time I am told the issue will be resolved within 24 to 48 hours and it never is. I sit and wait and absolutely nothing happens. Then I have to follow up again and I get another sorry for the inconvenience. Sorry does not fix anything. I work full time and I do not have the bandwidth to keep chasing a company for basic service delivery. My colleagues have been telling me to switch platforms and honestly I am starting to think they are right. Order #SNX-9021, KitchenAid stand mixer, payment charged twice for the same order. Need one charge reversed immediately.","Customer is frustrated with repeated order issues and lack of resolution from support. For order #SNX-9021, they were charged twice for a KitchenAid stand mixer and request an immediate reversal of one charge.","Dear [Customer's Name],

Thank you for reaching out and bringing this to our attention. I sincerely apologize for the frustration you've experienced with your recent order and the lack of resolution you’ve received so far.

Regarding order #SNX-9021, I understand that you were charged twice for the KitchenAid stand mixer. I assure you that we are committed to resolving this issue promptly. I have initiated a reversal of the duplicate charge, and you should see the amount credited back to your account within 3-5 business days.

Please feel free to reach out if you have any further questions or need additional assistance. We appreciate your patience and understanding.

Warm regards,

[Your Name]  
[Your Position]  
[Company Name]  
[Contact Information]"
5,refund not received,Customer reports not receiving a refund.,"Dear [Customer's Name],

Thank you for reaching out to us regarding the refund issue. I apologize for any inconvenience this may have caused.

To assist you further, could you please provide us with your order number and any relevant transaction details? This will help us expedite the process and ensure that your refund is processed as quickly as possible.

Thank you for your patience and understanding. We look forward to resolving this for you promptly.

Best regards,

[Your Name]  
[Your Position]  
[Company Name]  
[Contact Information]"
6,"Hi. I placed an order for a laptop. It is a Dell. I ordered it last Monday I think or maybe Tuesday. The order number is in my email somewhere - I believe it is SNX-3310 or maybe SNX-3130, I am not completely sure. Delivery came two days later which I thought was great. But when I opened the box the laptop would not turn on at all. I tried charging it for over an hour. Nothing. I tried a different charger I had at home. Still nothing. My roommate who works in IT also took a look and said it sounds like a hardware defect straight out of the box. The outer box also had a small dent on one corner but I am not sure if that is relevant. I want to return it and get a replacement. Or maybe a refund. I am honestly not sure which option makes more sense for me. Can someone advise? Also is there a home pickup option because I do not have easy access to a drop off location.","Customer received a Dell laptop that won't turn on, possibly due to a hardware defect, and requests advice on returning it for a replacement or refund, inquiring about a home pickup option.","Dear Customer,

Thank you for reaching out to us. I'm sorry to hear that your Dell laptop is not turning on. We understand how frustrating this can be and are here to assist you.

To resolve this, you can return the laptop for a replacement or a refund. We offer a convenient home pickup option for returns. Please let us know which option you prefer, and we will guide you through the next steps to arrange the pickup.

If you have any further questions or need additional assistance, feel free to contact us.

Best regards,

[Your Name]  
Customer Support Team"
7,ORDER SNX-6612 DELIVERED WRONG ITEM. I ORDERED NIKE RUNNING SHOES SIZE 11 AND THEY SENT SOME RANDOM SANDAL I HAVE NEVER EVEN HEARD OF. THIS IS THE THIRD WRONG ITEM THIS MONTH. I WANT MY SHOES OR A FULL REFUND. ALSO WHY IS THERE NO DIRECT PHONE NUMBER - YOUR CHATBOT IS COMPLETELY USELESS AND I AM DONE WITH IT.,"Customer received the wrong item (sandals) instead of Nike running shoes size 11 for order SNX-6612, requests the correct item or a full refund, and expresses dissatisfaction with the lack of direct phone support.","Dear [Customer's Name],

Thank you for reaching out to us and bringing this issue to our attention. I apologize for the inconvenience caused by receiving the wrong item in your order SNX-6612. I understand how frustrating this must be, especially without direct phone support.

To resolve this, I can offer you two options: we can either send you the correct Nike running shoes in size 11 at no additional cost, or we can process a full refund for your order. Please let me know which option you prefer, and I will ensure it is handled promptly.

Thank you for your patience and understanding. I look forward to resolving this matter to your satisfaction.

Best regards,

[Your Name]  
[Your Position]  
[Company Name]"
8,"Hello, good morning. I hope this message finds you well. I am reaching out today regarding a small matter pertaining to a recent order of mine. I do not wish to be a burden and I fully understand how busy your team must be. I simply wanted to follow up when you have a free moment as I have been waiting for a little while now. I appreciate everything your team does and I am grateful for your time. Warm regards.",Customer is inquiring about the status of a recent order and requests a follow-up.,"Dear [Customer's Name],

Thank you for reaching out to us regarding the status of your recent order. I understand how important it is to stay informed about your purchase, and I am here to assist you.

Please rest assured that I will look into your order details right away. Could you kindly provide me with your order number or any other specific information related to your purchase? This will help me expedite the process and provide you with an accurate update.

Thank you for your patience and understanding. I look forward to resolving this for you promptly.

Best regards,

[Your Name]  
[Your Position]  
[Company Name]  
[Contact Information]"
9,"hey so my package still hasnt shown up, its been like a week maybe more? the app says delivered but nothing came. checked with my neighbor and they didnt see anything either. pretty annoyed honestly. can someone look into this and either resend or refund me thanks","Customer reports their package, marked as delivered over a week ago, has not arrived. They request an investigation and either a reshipment or refund.","Dear [Customer's Name],

Thank you for reaching out and bringing this to our attention. I apologize for the inconvenience caused by the missing package. I understand how important it is to receive your order promptly.

To resolve this issue, I have initiated an investigation with our delivery partner to locate your package. In the meantime, I can offer you a choice between a reshipment of your order or a full refund. Please let me know which option you prefer, and I will process it promptly.

Thank you for your patience and understanding. If you have any further questions or need assistance, feel free to reach out.

Best regards,

[Your Name]  
[Your Position]  
[Company Name]  
[Contact Information]"
10,"I want to be very clear about how disappointed I am with this entire experience. Two full weeks. Two weeks and I have received nothing but conflicting information and broken promises. I have called four separate times. Each agent told me something completely different. First it was a warehouse backlog. Then it was a carrier issue. Then I was told my address was incomplete - which is absolutely false because I have received over a dozen previous orders at this exact address without any issue whatsoever. I even emailed a screenshot of my confirmed address and was still told it was incorrect. The level of disorganization here is genuinely shocking. I have already contacted my state's consumer protection office and I am keeping a full record of every interaction. Order SNX-2201, Bose noise cancelling headphones, still not delivered after 14 days. Tracking has been frozen since day three.","Order SNX-2201 for Bose noise cancelling headphones has not been delivered after 14 days, with tracking frozen since day three; customer reports conflicting information from support regarding warehouse backlog, carrier issues, and incorrect address, and has contacted consumer protection.","Dear [Customer's Name],

Thank you for reaching out and bringing this to our attention. I sincerely apologize for the inconvenience you've experienced with the delivery of your order SNX-2201. I understand how frustrating it must be to receive conflicting information.

To resolve this, I will personally investigate the issue with the warehouse and our carrier to provide you with a clear update. Please allow me 24-48 hours to gather the necessary information. I will ensure that we address any discrepancies and expedite the delivery process.

Thank you for your patience and understanding. I will follow up with you as soon as I have more details.

Best regards,

[Your Name]  
Customer Support Team"
11,"Payment gateway returning a 502 error at checkout. Tried incognito mode, cleared cache, tested on two different browsers, issue persists. My Visa debit card is showing a pre-authorization hold of $89.99 but the order was never confirmed and no order ID was generated. Transaction reference from my bank statement is TXN8821047. Is this a gateway timeout on your end or a merchant-side failure? I need either an order confirmation or the pre-auth hold released within 24 hours otherwise I will dispute the charge with my bank.","Payment gateway returns a 502 error at checkout; customer sees a pre-authorization hold of $89.99 on their Visa debit card without order confirmation or ID. Customer requests order confirmation or release of hold within 24 hours, or they will dispute","Dear [Customer's Name],

Thank you for reaching out to us and bringing this issue to our attention. I apologize for the inconvenience you’ve experienced with the payment gateway at checkout.

The 502 error you encountered may have caused a temporary pre-authorization hold on your Visa debit card for the amount of $89.99. Please rest assured that this hold is not a completed charge and will be released automatically by your bank.

To resolve this promptly, I have escalated your case to our payment processing team. We will work to ensure that either your order is confirmed or the hold is released within 24 hours.

Thank you for your patience and understanding. Please let me know if there is anything else I can assist you with.

Best regards,

[Your Name]  
[Your Position]  
[Company Name]  
[Contact Information]"
12,So I was just browsing the app and added a few things to my cart and then I figured why not just go ahead and order and so I did and I got a confirmation email right away which was great and I was pretty excited and then the next day I checked the app and it said processing and then the day after that it still said processing and now it has been almost five days and it is still just sitting there saying processing and my friend said maybe the item went out of stock but then why did you even let me complete the order and charge my card and also that money is just tied up now and what if I need it for something else and I have ordered from here before with no issues so I really do not know what is different this time,"The customer placed an order five days ago, which is still marked as ""processing"" in the app. They are concerned about the delay, potential out-of-stock items, and the charge on their card. They request clarification and resolution.","Dear [Customer's Name],

Thank you for reaching out and bringing this to our attention. I apologize for the inconvenience caused by the delay in processing your order.

I understand your concern about the status of your order and the charge on your card. I assure you that we are currently looking into this matter to provide you with a prompt resolution. Please rest assured that if any items are out of stock, we will notify you immediately and offer suitable alternatives or a refund.

In the meantime, I recommend checking the app for any updates on your order status. We will also follow up with you as soon as we have more information.

Thank you for your patience and understanding. If you have any further questions or concerns, please feel free to reach out.

Best regards,

[Your Name]  
[Your Position]  
[Company Name]"
13,Order SNX-8833 not delivered. Seven days past estimated delivery date. No update in the app. Requesting a full refund.,Order SNX-8833 is seven days late with no updates in the app; the customer requests a full refund.,"Dear [Customer's Name],

Thank you for reaching out to us regarding your order SNX-8833. I sincerely apologize for the inconvenience caused by the delay and the lack of updates in our app.

To resolve this issue promptly, I have initiated a process to issue a full refund for your order. You should see this reflected in your account within the next 5-7 business days.

If you have any further questions or need additional assistance, please do not hesitate to contact us. We appreciate your patience and understanding.

Warm regards,

[Your Name]  
[Your Position]  
[Company Name]  
[Contact Information]"
14,i orderd a lenovo latop order no SNX-441 it arived yestrday but the charjer is mising from the box. i ned the charjer sent asap or i will rtrn the hole thing. pls do smthing quick its for wrk,Customer received Lenovo laptop order SNX-441 without a charger and requests the charger be sent immediately or will return the product.,"Dear [Customer's Name],

Thank you for reaching out to us regarding your recent Lenovo laptop order SNX-441. I apologize for the inconvenience of receiving your laptop without a charger.

To resolve this issue promptly, we will send you the missing charger immediately. Please confirm your current shipping address so we can ensure it reaches you without delay.

We appreciate your patience and understanding. If you have any further questions or need additional assistance, please feel free to contact us.

Best regards,

[Your Name]  
[Your Position]  
[Company Name]  
[Contact Information]"
15,😡😡 WORST EXPERIENCE EVER ordered 10 days ago still NOTHING!! tracking has said out for delivery for THREE days straight 🤦 called support twice zero help agent was rude asked for a supervisor and was told not available 😤 order SNX-7721 OnePlus phone NEED IT NOW or CANCEL and FULL REFUND 💸💸,"Order SNX-7721 for a OnePlus phone has been delayed; tracking shows ""out for delivery"" for three days. Customer requests immediate delivery or a cancellation with a full refund.","Subject: Update on Your Order SNX-7721

Dear [Customer's Name],

Thank you for reaching out regarding your order SNX-7721 for the OnePlus phone. I apologize for the inconvenience caused by the delay in delivery.

I have checked the status, and it appears that there has been an issue with the shipment. To resolve this, I can offer you two options: 

1. I can escalate this with our delivery partner to prioritize your order and ensure it is delivered to you as soon as possible.
2. Alternatively, if you prefer, I can proceed with cancelling your order and issuing a full refund.

Please let me know which option you would like to proceed with, and I will take the necessary steps immediately.

Thank you for your patience and understanding.

Best regards,

[Your Name]  
[Your Position]  
[Company Name]  
[Contact Information]"
16,"To Whom It May Concern, I am writing this formal communication to bring to your attention a matter of considerable concern regarding a transaction completed on your platform on the 14th of this month. I have been a registered ShopNest customer for several years and have completed numerous transactions without incident. I consider myself a diligent and detail-oriented consumer and have retained all relevant documentation including the original order confirmation, payment receipt, delivery confirmation, and photographic evidence which I am prepared to submit upon request. I have deliberately refrained from posting publicly about this matter as I prefer to resolve disputes through proper channels, though I reserve the right to escalate if necessary. The core issue is this: Order reference SNX-5502 for one LG 22 cubic foot French door refrigerator was delivered on the confirmed date, however upon inspection the unit delivered is a 19 cubic foot model and not the 22 cubic foot model I ordered and paid for. The price difference is approximately $340. I am requesting either an immediate replacement with the correct model or a refund of the price differential.",Customer reports receiving a 19 cubic foot refrigerator instead of the 22 cubic foot model ordered (Order SNX-5502) and requests either a replacement with the correct model or a refund of the $340 price difference.,"Subject: Resolution for Order SNX-5502

Dear [Customer's Name],

Thank you for reaching out to us regarding your recent order. I apologize for the inconvenience caused by receiving the incorrect refrigerator model.

To resolve this issue, we can offer you two options: 

1. We can arrange for the delivery of the correct 22 cubic foot model and the return of the 19 cubic foot unit at no additional cost to you.
2. Alternatively, we can process a refund of the $340 price difference if you prefer to keep the 19 cubic foot model.

Please let us know which option you would prefer, and we will proceed accordingly to ensure your satisfaction.

Thank you for your understanding and patience.

Best regards,

[Your Name]
Customer Support Team"
17,I already submitted a complaint about this last week. I have a ticket number somewhere but I cannot find it right now. Nobody followed up with me. I am submitting again. Same issue as before. Please look up my account and check the previous case. My order involves the headphones I ordered last month.,"The customer is following up on a previous complaint regarding headphones ordered last month, requesting a status update on their unresolved case.","Dear [Customer's Name],

Thank you for reaching out to us regarding the status of your previous complaint about the headphones ordered last month. I apologize for any inconvenience you have experienced.

I have reviewed your case and can assure you that it is currently being addressed by our team. We are committed to resolving this matter as quickly as possible. You can expect an update from us within the next [time frame, e.g., 2-3 business days].

We appreciate your patience and understanding. If you have any further questions or need immediate assistance, please feel free to contact us.

Warm regards,

[Your Name]  
[Your Position]  
[Company Name]  
[Contact Information]"
18,Your DoorDash driver was over an hour late and my food arrived completely cold. The driver never called or knocked. I want a full refund for the entire order. I ordered a burger combo and two drinks. Extremely disappointed with this service.,"Customer reports their DoorDash order was over an hour late, arrived cold, and the driver did not communicate; requests a full refund for a burger combo and two drinks.","Dear [Customer's Name],

Thank you for reaching out to us about your recent DoorDash order. I sincerely apologize for the inconvenience you experienced with the delayed delivery and the condition of your meal. We strive to provide timely and satisfactory service, and it seems we fell short in this instance.

To resolve this issue, I have initiated a full refund for your burger combo and two drinks. You should see the refund reflected in your account within 5-7 business days.

We appreciate your understanding and patience, and we hope to serve you better in the future. If you have any further concerns, please feel free to reach out.

Warm regards,

[Your Name]  
Customer Support Team"
19,"First I just want to say I genuinely love ShopNest and have been a customer for years. Your app is intuitive, delivery is usually really fast, and the return process has always been seamless. Your support team has been incredibly helpful in the past and I have recommended this platform to pretty much everyone in my neighborhood. That said I do want to flag one issue. Order SNX-1142 for a range hood was placed nine days ago. There has been no delivery and no update whatsoever. Tracking shows it left the warehouse eight days ago and has not moved since. That is all - just hoping someone can look into it.","Order SNX-1142 for a range hood was placed nine days ago, but there has been no delivery or update; tracking indicates it left the warehouse eight days ago and has not moved since. Customer requests an investigation into the delay.","Dear [Customer's Name],

Thank you for reaching out regarding your order SNX-1142. I sincerely apologize for the inconvenience and the delay you've experienced.

I understand how important it is to receive your order promptly. I have initiated an investigation with the shipping carrier to determine the status of your package. I will update you as soon as I have more information.

In the meantime, if you have any further questions or need additional assistance, please feel free to reach out. Thank you for your patience and understanding.

Best regards,

[Your Name]  
[Your Position]  
[Company Name]  
[Contact Information]"
20,my order for the blue jacket still hasnt arrived. i think i placed it last tuesday or wednesday. i dont have the order number handy but it was somewhere around $65 or $70 i think. can someone check and let me know what is going on,"The customer reports that their order for a blue jacket, placed last Tuesday or Wednesday for approximately $65-$70, has not arrived and requests an update on its status.","Dear [Customer's Name],

Thank you for reaching out regarding your order for the blue jacket. I apologize for any inconvenience caused by the delay.

I am currently looking into the status of your order and will provide you with an update as soon as possible. In the meantime, please rest assured that we are doing everything we can to ensure your jacket arrives promptly.

Thank you for your patience and understanding. If you have any further questions, please feel free to contact us.

Best regards,

[Your Name]  
[Your Position]  
[Company Name]"
21,"I work in software so I have a reasonable understanding of how inventory systems work and what happened here is clearly a stock management failure on your end. Your system showed the item as in stock. I placed the order. My card was charged. A confirmation was sent. Then six hours later I received an automated cancellation email citing stock unavailability. If the item was not available your system should not have listed it as in stock - this is basic inventory hygiene. Furthermore the refund has not posted after five business days. Per your own published policy the refund SLA is three to five business days. We are now past that window. Order SNX-0032 cancelled, $249.99 not refunded. Requesting immediate escalation to your billing team.","Customer experienced a stock management issue where an item showed as in stock, but the order SNX-0032 was later canceled due to unavailability; the $249.99 refund has not been processed after five business days, exceeding the stated SLA.","Dear [Customer's Name],

Thank you for reaching out and bringing this matter to our attention. I sincerely apologize for the inconvenience caused by the cancellation of your order SNX-0032 and the delay in processing your refund of $249.99.

I understand how frustrating it can be to experience stock management issues, and I assure you that we are working to improve our systems to prevent such occurrences in the future.

Regarding your refund, it should have been processed within the stated timeframe. I have escalated your case to our billing department for immediate attention. You can expect the refund to be processed within the next 1-2 business days.

Thank you for your patience and understanding. Please let me know if there is anything else I can assist you with.

Warm regards,

[Your Name]  
[Your Position]  
[Company Name]"
22,hi I ordered a blender order number SNX-6644 and it was delivered yesterday but when I opened the box the glass jar was cracked and there was also a visible dent on the base of the unit and I tried to use it anyway but it is making a really loud grinding noise and honestly I am scared to keep using it in case it breaks further or causes an injury so I want to return it and get a replacement sent but the return window says 10 days and I want to make sure I am still within that window because I really do not want to be stuck with a broken appliance that showed up damaged right out of the box,"Customer received a damaged blender (Order SNX-6644) with a cracked jar and dented base, and requests a return and replacement within the 10-day return window.","Dear [Customer's Name],

Thank you for reaching out and bringing this to our attention. I am sorry to hear that your blender arrived damaged. We understand how important it is to receive your order in perfect condition.

To resolve this, we will initiate a return and send you a replacement for your blender (Order SNX-6644) promptly. Please follow these steps to proceed with the return:

1. Pack the damaged blender securely in its original packaging, if possible.
2. Use the pre-paid return label we will email to you shortly.
3. Drop off the package at your nearest courier location.

Once we receive the damaged item, we will process your replacement immediately and keep you updated throughout the process.

If you have any further questions or need assistance, please don't hesitate to contact us.

Thank you for your understanding and patience.

Best regards,

[Your Name]  
[Your Position]  
[Company Name]  
[Contact Information]"
23,SNX-3301. DOA unit. Need RMA issued. Escalate to L2. Already past SLA window.,"DOA unit requires RMA issuance and escalation to L2, as it is already past the SLA window.","Dear [Customer's Name],

Thank you for reaching out to us regarding the issue with your unit. I apologize for the inconvenience this has caused. 

To resolve this matter, I will initiate the RMA process for your DOA unit. Additionally, I will escalate your case to our Level 2 support team for further assistance, as it is past the SLA window.

Please expect a follow-up email with your RMA details shortly. If you have any further questions or need additional assistance, feel free to contact us.

Thank you for your patience and understanding.

Best regards,

[Your Name]  
[Your Position]  
[Company Name]  
[Contact Information]"
24,"You know what I am just going to say it. I have never in my life had to fight this hard just to get something I already paid for. Your app promised two day delivery. It has been eight days. I have screenshots. Your chatbot gave me three completely different delivery dates. Your support email told me to contact the seller. The seller told me to contact ShopNest. You told me to contact the seller. Around and around we go. This is textbook buck-passing and it is completely unacceptable behavior from a company of your size. I have already filed a complaint with the FTC and I have spoken with a consumer rights attorney who confirmed I have grounds to pursue damages for this level of negligence. Do not for a second think I am bluffing. My only ask is simple: Order SNX-8112, Cuisinart coffee maker, either deliver it or refund me $79. That is the whole ask.","Customer is requesting delivery or a refund of $79 for order SNX-8112, a Cuisinart coffee maker, which was promised in two days but has not arrived after eight days.","Dear [Customer's Name],

Thank you for reaching out to us regarding your order SNX-8112. I sincerely apologize for the inconvenience caused by the delay in delivery of your Cuisinart coffee maker.

To resolve this issue, I can offer you two options: we can either expedite the delivery of your order or process a refund of $79. Please let us know your preference, and we will proceed accordingly to ensure your satisfaction.

Thank you for your patience and understanding. We look forward to resolving this matter swiftly for you.

Best regards,

[Your Name]  
[Your Position]  
[Company Name]  
[Contact Information]"
25,"Hi, my order has not arrived and it has been almost two weeks. Order number SNX-5591. I ordered a GE chest freezer which I really need for my household. The old one stopped working and my family has been managing without one since the order was placed. Tracking has not updated in over a week. Please either arrange delivery as soon as possible or process a refund. Thank you.","Order SNX-5591 for a GE chest freezer has not arrived after nearly two weeks, with no tracking updates for over a week; the customer requests expedited delivery or a refund.","Dear [Customer's Name],

Thank you for reaching out regarding your order SNX-5591 for the GE chest freezer. I apologize for the inconvenience caused by the delay and lack of tracking updates.

To resolve this, we can either expedite the delivery of your order or process a full refund, depending on your preference. Please let us know how you would like to proceed, and we will take immediate action to address your request.

Thank you for your patience and understanding.

Best regards,

[Your Name]  
[Your Position]  
[Company Name]  
[Contact Information]"
26,"Hi, just wanted to check on the status of my order SNX-9910. I placed it three days ago and the app still shows processing. No urgency, just wanted to make sure everything is moving along. Thanks.",Order SNX-9910 was placed three days ago and is still showing as processing; the customer is inquiring about its status.,"Dear [Customer's Name],

Thank you for reaching out about your order SNX-9910. I apologize for any inconvenience this delay may have caused. I understand how important it is for you to receive your order promptly.

I am currently looking into the status of your order and will update you as soon as possible. In the meantime, please rest assured that we are doing everything we can to expedite the processing.

Thank you for your patience and understanding. If you have any further questions, please feel free to contact us.

Best regards,

[Your Name]  
[Your Position]  
[Company Name]  
[Contact Information]"
27,"Hello, quick question - what is your standard return window for electronics? I bought a pair of headphones last week and I am thinking about returning them but wanted to confirm how many days I have before checking in store. Thanks in advance.","Customer inquires about the standard return window for electronics, specifically for headphones purchased last week, before considering an in-store return.","Dear [Customer's Name],

Thank you for reaching out to us regarding your recent headphone purchase. Our standard return window for electronics, including headphones, is 30 days from the date of purchase. Since you purchased the headphones last week, you are well within the return period.

To proceed with an in-store return, please bring the headphones along with the original receipt or proof of purchase to any of our store locations. Our team will be happy to assist you with the return process.

If you have any further questions or need additional assistance, please feel free to contact us.

Best regards,

[Your Name]  
[Your Position]  
[Company Name]"
28,Hi there. I received my order SNX-7823 today and everything looks great. I just noticed the invoice in the box shows a different price than what I was charged at checkout. The difference is only a couple of dollars but wanted to flag it just in case. Could someone take a look when you get a chance? No rush.,"Customer received order SNX-7823 and noticed a discrepancy between the invoice price and checkout charge, requesting a review of the issue.","Dear [Customer's Name],

Thank you for reaching out and bringing this to our attention. I apologize for any confusion caused by the discrepancy between the invoice price and the checkout charge for your order SNX-7823.

To resolve this issue, I have initiated a review of your order details. We will compare the invoice with the checkout records to identify any discrepancies. I will update you with our findings and the next steps within 48 hours.

Thank you for your patience and understanding. Please let me know if there is anything else I can assist you with in the meantime.

Best regards,

[Your Name]  
[Your Position]  
[Company Name]"
29,"Hey, I placed an order yesterday evening - order number SNX-6651 - and I realized this morning I entered the wrong apartment number in my delivery address. The street and zip code are correct, just the unit number is wrong. Can this be updated before it ships? Happy to provide the correct address.","Customer requests to update the apartment number for order SNX-6651 before it ships, as the current unit number is incorrect.","Dear Customer,

Thank you for reaching out to us regarding your order SNX-6651. I understand the importance of having the correct shipping information, and I'm here to help.

I have updated the apartment number for your order as requested. Please rest assured that your package will be shipped to the correct address.

If you have any further questions or need additional assistance, feel free to contact us.

Best regards,

[Your Name]  
Customer Support Team"
30,"Hi, I was just checking whether my recent return has been received on your end. I shipped it back about four days ago using the prepaid label you sent. The tracking shows it was delivered to your warehouse two days ago. Just wanted to confirm the refund is being processed. Order was SNX-4430. Thanks.","Customer inquires if their return for order SNX-4430, shipped with a prepaid label and delivered to the warehouse two days ago, has been received and if the refund is being processed.","Dear [Customer's Name],

Thank you for reaching out regarding your return for order SNX-4430. I can confirm that your return, shipped with a prepaid label, was delivered to our warehouse two days ago. Our team is currently processing your return, and you can expect the refund to be issued within the next 5-7 business days.

If you have any further questions or need additional assistance, please feel free to let us know.

Best regards,

[Your Name]  
Customer Support Team"
